name,price,description,image
Wholesale of camisole tops for women who want to wear it on the inside but can wear it on the outside,$0.78 - $1.10,"Min. order: 100 pieces
1,450 sold",Hb3291c4d71db4966bf5ccfd11ac497a2B.jpg_300x300.jpg
Factory Custom Comfortable Good Quality Breathable Tank Sleeveless Casual Round Neck I-Shaped Vest For,$5.50 - $7.00,Min. order: 2 pieces,Hde0be86c24044c33b4620ac74a71f2e41.jpg_300x300.jpg
Women's Shirts Fashion O Neck Hollow Out Long Sleeve Shirt Elegant Fashion Shirts,$14.90 - $16.90,Min. order: 100 pieces,H38b61d8389034f2cbebc7ee8f1e62335c.jpg_300x300.jpg
2024 Half High Neck Inner New Solid Color Rib Slim Fit Sexy Short Sleeveless Sweaters Vests Knitted,$2.37,"Min. order: 2 pieces
Est. delivery by Oct 23
41 sold",H36b775e07ad943b9a36c6bde157ce9ecP.jpg_300x300.jpg
Y2k Custom Logo Women's Crop Top Wholesale High Quality 100% Cotton Sexy Girl's Quick Dry Gym Fitness Yoga Crop,$1.89 - $3.59,"Min. order: 1 piece
577 sold",Hec68d5a9a90a4d518b4535257a7adf04h.jpg_300x300.jpg
"Bulk women Sleeveless Vest, Custom Ladies Cotton",$3.08 - $7.28,"Min. order: 50 pieces
1 sold",Hac1d4c02ba164d4b9608892fbbbe9379Q.jpg_300x300.jpg
Summer Women Sexy mesh Tank Top Vest Blouse Sleeveless Sport Crop Shirt See-through Transparent Casual,$1.38,"Min. order: 2 pieces
80 sold",Hd1b6734dcba1463aa91169a4ed52044d2.jpg_300x300.jpg
2022 New Arrive Women's Girls Sleeveless Basic Solid Color Yoga Workout Crop Blouse Slim T-shirt Vest,$0.99,"Min. order: 2 pieces
Est. delivery by Oct 28
1 sold",Hab741e9c0426472b807082448e12e1f74.jpg_300x300.jpg
Cropped Women's Solid T-shirt Tank Top Seamless Streetwear Stretch Rib Knit Sleeveless Casual Women,$1.92,"Min. order: 10 pieces
2,219 sold",H14a6bd4153db44dd991275611d813851T.jpg_300x300.jpg
SFYW340 High Quality Women'S Clothing Solid Color Nylon Thread Vest Sports Quick-Drying Seamless Yoga Womens,$2.41 - $2.65,"Min. order: 5 pieces
37 sold",Hf57b386579c54e0c9f358ea8e9b69fb77.jpg_300x300.jpg
Wholesale Fashion High Quality Ladies Blank Basic Knitted Rib Crop,$2.10 - $2.40,Min. order: 20 pieces,H299c6c10761b494da0f98f9502f9aa77O.jpg_300x300.jpg
Cropped Women's Solid T-shirt Tank Top Seamless Streetwear Stretch Rib Knit Sleeveless Casual Women,$1.90,"Min. order: 3 pieces
Est. delivery by Oct 31
19,493 sold",H8ce86990f4ac4d398fd4f23ee9ce0a28F.jpg_300x300.jpg
Wholesale Solid Sleeveless Vest Running Yoga Wear Clothing Slim Fit Quick Drying Ribbed Crop Casual Crop,$1.60,"Min. order: 5 pieces
Est. delivery by Nov 15
5 sold",H499bf482b4f247b5944314e691eab54f1.jpg_300x300.jpg
PB&ZA Women 2023 Summer New Fashion Asymmetrical Pleating Vintage Backless Female Camis Chic 1 Piece Casual Woven,$6.00,"Min. order: 1 bag
45 sold",Hf3a67899f3bd44668e5c3474e217aa9cM.jpg_300x300.jpg
ZATRHMBM Women 2024 Summer New Fashion Cropped Knitted Vintage Sleeveless Button-up Female Chic Vest Mujer,$5.40,"Min. order: 1 bag
17 sold",Hb6b17d0b811640c3a5d7bdd66b18c172O.jpg_300x300.jpg
Summer regular sports stripe Camisole Vest tanks camis crop,$1.99,"Min. order: 3 pieces
496 sold",H76c82d7b0e2b4df2b5e7f94762a5a589w.jpg_300x300.jpg
New Trendy Women Clothing Sexy Sleeveless Cropped Pu Leather Camisole,$2.00,"Min. order: 3 pieces
Est. delivery by Oct 31
34 sold",H19a7b065045648228216792d398411abM.jpg_300x300.jpg
Custom ladies strap white ribbed womens fitness gym crop activewear sleeveless workout,$2.35 - $2.75,Min. order: 1 piece,H9ddb858f269442b8b30fbc07d9397e68Z.jpg_300x300.jpg
New arrivals women's summer one shoulder tunic tube ladies,$5.13,"Min. order: 2 pieces
Est. delivery by Oct 31
19 sold",H2e5f8300230d4779ac28f27d0fd70ea5l.jpeg_300x300.jpeg
Boutique Wholesale 2024 Summer New Retro Sexy Hollow Loose Slimming Temperament,$11.00,"Min. order: 1 piece
1 sold",H9eeb2124283c495d866c643fd8ed7d51W.jpg_300x300.jpg
Wholesale Solid Color Bodycon Bandeau Backless Mini Strapless Crop Tube,$0.75,"Min. order: 10 pieces
Est. delivery by Oct 28
561 sold",Heaef81749d644e5793c3b3acca9ff053O.jpg_300x300.jpg
Logo Crop Top Women basic sleeveless slim high neck racerback white spandex fitted cropped tights ribbed crop,$1.99 - $3.50,"Min. order: 1 piece
443 sold",H314aad682fc9417e861caf9918b69bccf.jpg_300x300.jpg
Wholesale Ladies Sexy Crop Top Summer Solid color Vest Sleeveless Activewear Yoga Fitness,$1.40,"Min. order: 3 pieces
Est. delivery by Oct 28
95 sold",Hcb3c4d3fcf1d4bae884cfbde9bd9374et.jpg_300x300.jpg
Cropped Women's Solid T-shirt Tank Top Seamless Streetwear Stretch Rib Knit Sleeveless Casual Women,$1.39,"Min. order: 2 pieces
11 sold",H85bb4a5417ed4c2086f6663d6cfb9409p.jpg_300x300.jpg
Ready To Ship Fashionable Summer Hollow Out Sleeveless Sexy White Casual Crop For,$2.30,"Min. order: 1 piece
Est. delivery by Oct 23
4 sold",H4999f6bbc25346f49beae191163939d74.jpg_300x300.jpg
2023 New arrive Women's Sleeveless Basic Solid Yoga Workout Crop crop /blouse vest,$0.69 - $0.99,"Min. order: 2 pieces
9 recent views",H4c00db33afc849a08205c1af45ee96f47.jpg_300x300.jpg
FS667 Cropped Women's Solid T-shirt Tank Top Seamless Streetwear Stretch Rib Knit Sleeveless Casual Women,$0.97,Min. order: 2 pieces,H3b70126587a844b3b16fa1d1d0db3236b.jpg_300x300.jpg
woman gym tank top sleeveless vest top custom logo white sexy,$2.90 - $5.90,"Min. order: 1 piece
16 sold",H86bf200a96324dfb98c624e5a56114742.jpg_300x300.jpg
summer high quality custom logo cotton spandex jersey knitted white crop graphic private label crop croptop,$0.72 - $0.78,"Min. order: 10 units
240 sold",H665178e662454774b524e6ea7072a8de8.jpg_300x300.jpg
CHUANGERM OEM New-Arrival Sweet V-Neck Sexy Tank With Garter Print Padded Fishbone Sleeveless Halter For,$3.37 - $4.79,"Min. order: 50 pieces
399 sold",Hc9b5d9444cf64940a0e4aa8e343894952.jpg_300x300.jpg
Summer trendy clothing Blank Tank Tops Elegant knitted irregular slant One shoulder pleated Sleeveless for,$2.20,"Min. order: 2 pieces
Est. delivery by Oct 23
79 sold",H855917347de745b0883a4799ee5379d7R.jpg_300x300.jpg
2024 High Quality Custom Logo Basic Tops Women Ribbed White Crop Femme,$6.75,"Min. order: 50 pieces
Est. delivery by Oct 31
93 sold",Hd866f2e17e3e4d13b901fe4f1141b490d.jpg_300x300.jpg
Peeqi 055 Fashion summer new women's tank tops letter printed sleeveless T-shirts casual street cheap clothing crop,$3.79,"Min. order: 2 pieces
225 sold",H2df2c34670ba4ecf90e6d07d0d0f3143W.jpg_300x300.jpg
GX16376 Fashion Summer Ladies Tank Top Sexy Elegant O-Neck Tight Fit Sleeveless unique Cropped,$1.00 - $2.50,"Min. order: 1 piece
8 sold",Hd8eced006df34d579d59882ad3650470r.jpg_300x300.jpg
Wholesale Summer Ladies Vest White Cotton Ribbed Vests Sleeveless Casual Crop,$3.70,"Min. order: 2 pieces
Est. delivery by Oct 23
72 sold",H80ad8f37049b4d5daba411a2fcd1beb2O.png_300x300.png
Red color print front bow tie casual fashion hot sale tank for,$6.40,"Min. order: 2 pieces
Est. delivery by Oct 31
1 sold",Hc461ef870cd34f66b82c2abc8a43cb9bx.jpg_300x300.jpg
0.62 Dollar Model XSY012 Size Wholesale Free Women's Sleeveless Ribbed Cotton With All Colors,$0.58 - $0.62,"Min. order: 600 pieces
1 sold",H8a41a28f1a8f415ba3cceda896255189j.jpg_300x300.jpg
Summer Hollow Out Sleeveless Ready To Ship Fashionable Sexy White Casual Crop For,$2.20,"Min. order: 2 pieces
17 sold",H492e4b1e168c457885925b1a6852f60fl.jpg_300x300.jpg
Sleeveless Basic Casual Camisole Top Shirt Slim Knit Fitness,$3.36,"Min. order: 4 pieces
425 sold",Hbc90cdd53db342ca8856611eaf870f422.jpg_300x300.jpg
wholesale for woman sublimation tank top polyester custom logo Essentials Slim-Fit,$1.50,Min. order: 50 pieces,H4aa7378a51f94c858c2335f098856cfcS.jpg_300x300.jpg
Low price wholesale of new women's tank tops suspenders round necked navel exposed,$0.50 - $0.90,"Min. order: 100 pieces
50 sold",H2885a744ac2b4632bf4f5202bad0f3bdB.jpg_300x300.jpg
High quality custom breathable crew-neck women vest gym training tube sportswear sweat-wicking workout for,$2.80,"Min. order: 10 pieces
Est. delivery by Oct 23
20 sold",H652c8a50e408413084a9f1641d5b5cedX.jpg_300x300.jpg
2022 Summer fashion Casual Sleeveless Crop Top Women skinny,$1.90,"Min. order: 1 piece
71 recent views",Ha317541a1cac4676a1de576196c635fe8.jpg_300x300.jpg
OJW022041 2024 spring boutique digital print denim jeans fashion ladies crop,$7.02,"Min. order: 1 piece
6 sold",Hf16e2d1e16464ffb84084e5a7b551fcf4.jpg_300x300.jpg
Bomblook C112TP Spring Clothes For Women Solid Breathable Cami Sportswear Seamless Rib Knit,$3.00,"Min. order: 1 piece
Est. delivery by Oct 23
16 recent views",H7cecc1e1f1ee48e581ed16b300f81d75W.jpg_300x300.jpg
Summer women's new sleeveless U neck solid color tight fitting knitted,$4.00,Min. order: 1 piece,H88f6f01a66a64a059e10633338bc9fa6V.jpg_300x300.jpg
Custom Summer Soft Cotton Pointelle Lace Pink Traps Camisole Cami For Women Short,$1.90 - $4.90,"Min. order: 30 pieces
2 sold",H373b6c87505a4a6089a9128e0ac7e1630.jpg_300x300.jpg
Wholesale of camisole tops for women who want to wear it on the inside but can wear it on the outside,$0.78 - $1.10,"Min. order: 100 pieces
1,450 sold",Hb3291c4d71db4966bf5ccfd11ac497a2B.jpg_300x300.jpg
Women's Rhinestone Tanks Camisole Crop Top Women Sleeveless Slim Crystal Camis,$4.20 - $5.00,"Min. order: 25 pieces
1 sold",H3cef488e69474fedb5867b9a3e474e586.png_300x300.png
Womens Sleeveless Ribbed Racerback Crop Tank Tops Basic Stretch Casual Going Out,$3.30 - $4.65,"Min. order: 30 pieces
23 recent views",Hf12a66ba5e86437cbfec1b96eb0b9f3db.jpg_300x300.jpg
Beautiful Back Black Halter Female Summer With A Small Outside To Wear Sexy Crop Small Vest,$0.77 - $0.99,Min. order: 30 pieces,H8053c461bdf1400eaa6e6a11b64bcd3cI.png_300x300.png
Women's Custom Quick Drying Athletic Workout Blank Gym Fitness Muscle Tee Bodybuilding Fitness Sleeveless T-Shirts,$3.50,"Min. order: 3 pieces
Est. delivery by Oct 24
2 sold",Hc86d2e546cb14dcf9224dc43365bf58b3.png_300x300.png
New Women's Camisole Vest Sexy Soft Plus Size Sports Fitness Wear Modal Bottoming Shirt,$3.99 - $7.99,Min. order: 50 pieces,Hd24cd6503c0843a6be84ba04af9b115cs.jpg_300x300.jpg
Custom Unisex Muscle Tank tops Polyester Cotton Feel Singlet Pastel Shirts For Sublimation Printed,$3.25,"Min. order: 50 pieces
Est. delivery by Nov 1
2,642 sold",Hdaf39699b5c440139c2a2969f1fec0b3J.jpg_300x300.jpg
OEM ODM Plus-size Women Halter Crop Top Knitted Sleeveless Vest Outfits Knitwear Clothes For Ladies S M L XL Size,$4.47,"Min. order: 10 pieces
16 sold",H47f658568c36435b9ebbf67a0ac5298bt.jpg_300x300.jpg
Summer Women Sexy mesh Tank Top Vest Blouse Sleeveless Sport Crop Shirt See-through Transparent Casual,$1.38,"Min. order: 2 pieces
80 sold",Hd1b6734dcba1463aa91169a4ed52044d2.jpg_300x300.jpg
2022 New Arrive Women's Girls Sleeveless Basic Solid Color Yoga Workout Crop Blouse Slim T-shirt Vest,$0.99,"Min. order: 2 pieces
Est. delivery by Oct 29
1 sold",Hab741e9c0426472b807082448e12e1f74.jpg_300x300.jpg
Wholesale Fashion High Quality Ladies Blank Basic Knitted Rib Crop,$2.10 - $2.40,Min. order: 20 pieces,H299c6c10761b494da0f98f9502f9aa77O.jpg_300x300.jpg
SFYW340 High Quality Women'S Clothing Solid Color Nylon Thread Vest Sports Quick-Drying Seamless Yoga Womens,$2.41 - $2.65,"Min. order: 5 pieces
37 sold",Hf57b386579c54e0c9f358ea8e9b69fb77.jpg_300x300.jpg
OEM High Impact Workout Women's Tank Tops Open Back Wide Hem Yoga Sports Bra,$2.99 - $4.25,Min. order: 50 pieces,Adcfe39d94664497d8d68090aa3ffca6aQ.jpg_300x300.jpg
New arrival Custom Hot Selling Women's Tank Tops Solid Color Scoop Neck Basic Women workout,$3.50 - $4.25,Min. order: 15 pieces,U6651a5de4d6143528e3ba1c10a904126K.jpg_300x300.jpg
Wholesale Solid Color Bodycon Bandeau Backless Mini Strapless Crop Tube,$0.75,"Min. order: 10 pieces
Est. delivery by Oct 29
561 sold",Heaef81749d644e5793c3b3acca9ff053O.jpg_300x300.jpg
New Trendy Women Clothing Sexy Sleeveless Cropped Pu Leather Camisole,$2.00,"Min. order: 3 pieces
Est. delivery by Nov 1
34 sold",H19a7b065045648228216792d398411abM.jpg_300x300.jpg
2024 New Cropped Women's Solid Square Collar Tank Top Seamless Streetwear Stretch Rib Knit Sleeveless Casual Women,$3.79,"Min. order: 10 pieces
49 sold",H71e771afa1164d298bf4e0b3cf532a444.jpg_300x300.jpg
Wholesale Solid Sleeveless Vest Running Yoga Wear Clothing Slim Fit Quick Drying Ribbed Crop Casual Crop,$1.60,"Min. order: 5 pieces
Est. delivery by Nov 18
5 sold",H499bf482b4f247b5944314e691eab54f1.jpg_300x300.jpg
Wholesale Breathable Quick-Dry Activewear Fitness Stretchable Women Gym,$3.50 - $6.50,Min. order: 10 pieces,Ufab4297574fd48de9b4f489a3c536ff9V.png_300x300.png
Next Level Desert Pink Women's Ideal Racerback Tank Breathable For Women,$1.80 - $3.60,Min. order: 50 pieces,A6d61832045bf454aa32db64c8b8037ceg.jpg_300x300.jpg
PB&ZA Women 2024 summer New Fashion Halter neck Vintage Backless Thin Straps Female Camis Chic,$5.00,"Min. order: 1 bag
Est. delivery by Nov 1
26 sold",He82438a64f7a476ea8c1104f5a41373bp.jpg_300x300.jpg
High quality ladies ruched sexy plain hollow out slim fit cami sleeveless crop with wholesale price,$4.03,"Min. order: 2 pieces
Est. delivery by Nov 1
4 sold",H1de6a9d2648c423fa4f939f0ccfe26fft.jpg_300x300.jpg
summer high quality custom logo cotton spandex jersey knitted white crop graphic private label crop croptop,$0.72 - $0.78,"Min. order: 10 units
240 sold",H665178e662454774b524e6ea7072a8de8.jpg_300x300.jpg
Wholesale Ladies Sexy Crop Top Summer Solid color Vest Sleeveless Activewear Yoga Fitness,$1.40,"Min. order: 3 pieces
Est. delivery by Oct 29
95 sold",Hcb3c4d3fcf1d4bae884cfbde9bd9374et.jpg_300x300.jpg
Woman bodybuilding singlet sports running crop top OEM service wholesale 100% cotton sleeveless custom t shirt,$2.90 - $4.50,Min. order: 50 pieces,A165c50ce67ce4855839eb95e42090063f.jpg_300x300.jpg
Best Selling Premium Breathable Quick Dry O-Neck Made Of Cotton And Spandex,$5.36,Min. order: 12 pieces,H990dc8985995476b82a9f33d9b19ebc6J.jpg_300x300.jpg
custom color tank tops workout fitness tank tops for Cotton Spandex,$2.72 - $4.24,Min. order: 5 pieces,U88c6d01e9cd7453d862ea93358a7eebbv.jpg_300x300.jpg
Boutique Wholesale 2024 Summer New Retro Sexy Hollow Loose Slimming Temperament,$11.00,"Min. order: 1 piece
1 sold",H9eeb2124283c495d866c643fd8ed7d51W.jpg_300x300.jpg
Women's Sleeveless Loose Fit Racerback Yoga Workout Tank drop armhole womens Plain Solid color Female,$2.99 - $5.99,Min. order: 10 pieces,U616af659295b4815b4a8c14f582a9e4fE.jpg_300x300.jpg
Women's jogging fitness tank tops customized on order feminist's lightweight shirts for the gym,$3.00 - $5.00,Min. order: 30 pieces,S7303845736fe468a9ecfd02eb5284d83D.jpg_300x300.jpg
Hot selling Cheap Stock Fashion Apparel Stocks Over Stock Lots Basic Solid Camisole Adjustable Strap Custom,$0.99 - $1.98,Min. order: 100 pieces,Ua2c19dae5a2f42cd9dc846945a0d296aO.png_300x300.png
High Quality Sport Tank Top Women Sleeveless Workout wholesale custom Fitness Ladies Gym Fashionable Shirt,$3.00 - $6.00,Min. order: 20 pieces,Ab8d64aebb78b4b7390cd843221b6b760U.jpg_300x300.jpg
Women's Breathable Tank Tops Wholesale Custom For Ladies With Logo Gym Custom Summer for Women,$2.55 - $3.95,Min. order: 25 pieces,Aaa3c2544993948c38eeb33da44b88320o.jpg_300x300.jpg
Women's Ribbed Tank Top,$1.30 - $1.50,Min. order: 500 pieces,S450dc1e1015b4448ae3c4b0d70ef7d6e0.jpg_300x300.jpg
Yoga Blue Red White Black MWTT5 Sports Women's Fitness Running Gym Crop,$8.70 - $12.30,Min. order: 20 pieces,S51cc0318ecab4f9495e0d23a256d70adO.jpg_300x300.jpg
100% Cotton Women Fitness Gym Red Tank Top / Sleeveless Ladies,$3.50 - $4.50,Min. order: 100 pieces,UTB8No8Mv5aMiuJk43PTq6ySmXXaI.jpg_300x300.jpg
Summer trendy clothing Blank Tank Tops Elegant knitted irregular slant One shoulder pleated Sleeveless for,$2.20,"Min. order: 2 pieces
Est. delivery by Oct 24
79 sold",H855917347de745b0883a4799ee5379d7R.jpg_300x300.jpg
Women's Best Quality Light Weight Cotton Polyester Tank Wholesale ODM Sport Fitness Yoga Clothing Breathable Loose Fit,$4.00 - $5.50,Min. order: 10 pieces,Ad529b055e4d84d4bb2ca9f2c38d60f7ar.jpg_300x300.jpg
2024 High Quality Custom Logo Basic Tops Women Ribbed White Crop Femme,$6.75,"Min. order: 50 pieces
Est. delivery by Nov 1
93 sold",Hd866f2e17e3e4d13b901fe4f1141b490d.jpg_300x300.jpg
New Design Wholesale Women Tank Tops High Quality Yoga Gym custom Design Ladies with custom logo,$3.50 - $5.50,Min. order: 30 pieces,A66be2d5c7b844d01ac0859f3378cea75h.jpg_300x300.jpg
ladies sexy crop tops cotton white yoga fitness wear casual plain loose round neck sports gym workout custom,$4.00 - $6.50,Min. order: 25 pieces,Saccbd8a76a0d4d0bb9b7cee2ef844d62O.jpg_300x300.jpg
Fashionable Woman Gym Tank Top Sleeveless Vest Top Custom Logo,$4.00 - $6.00,Min. order: 10 sets,A7a47ca7fcf8b4874a0c7b4e411504c67E.jpg_300x300.jpg
Wholesale Custom Logo Ladies Singlet Running Gym Tank Tops customized high quality gym singlet wholesale breathable,$2.80 - $3.50,Min. order: 50 pieces,U17a83a814055494ca77bcf061de7a7606.png_300x300.png
Women's Custom Made Summer Tank Top Summer Yoga Wear Wider Shoulder Straps Casual Sleeveless Tee Spandex Various Colors Design,$2.50 - $5.50,Min. order: 10 pieces,Af12cdd4561e7430c8156625cc66840c7M.jpg_300x300.jpg
Wholesale high quality blank gym women tank tops custom logo bulk summer sleeveless ribbed crop Cotton Breathable,$3.00 - $4.50,Min. order: 50 pieces,S3d764f7266d64b9f999c2cfe846cf8f5D.jpg_300x300.jpg
Womens Racerback Tank Top,$2.50 - $2.90,Min. order: 25 pieces,A1bbde16b488f4bbc813206df545cbccdT.jpg_300x300.jpg
92% Cotton 8% Elastane Camisole Neckline Scoop Hem Low profile shoulder Straps White Full Length Premium,$4.25 - $5.99,Min. order: 50 pieces,Ae2aae30114f04f02af57cf00224847fas.jpg_300x300.jpg
Wholesale of camisole tops for women who want to wear it on the inside but can wear it on the outside,$0.78 - $1.10,"Min. order: 100 pieces
1,450 sold",Hb3291c4d71db4966bf5ccfd11ac497a2B.jpg_300x300.jpg
Women's Sleeveless Slim Thin Vest Round Neck Solid Color Casual Basic Short,$4.99 - $6.99,Min. order: 80 pieces,H6cbdee0bcde84bc9be90d7f0f7ca7f60C.jpg_300x300.jpg
Women Essential Soft Quick Dry Compression Ribbed Padded Yoga,$9.00,"Min. order: 3 pieces
Est. delivery by Nov 1
20 sold",H2838576159f647c6b454f575b8f6cba2H.jpg_300x300.jpg
Summer Wholesale Lady Tube Tops Summer Sleeveless One Shoulder Casual Sexy Women't Crop,$2.80,Min. order: 100 pieces,H5c023cf92f0c49288f0e3ef0c48d97f9y.jpg_300x300.jpg
2024 Women Summer Outfits Knitted Sleeveless Vest Knitwear For Ladies,$4.47,"Min. order: 10 pieces
16 sold",Hc6e2f91120f041ee8741063bba914279K.jpg_300x300.jpg
Custom Women's Ribbed Knit V Neck Sleeveless Plain Fitted Crop shirts,$2.98 - $3.88,Min. order: 200 pieces,H70cb7248cc62464b91cda59933796e85h.png_300x300.png
Various Color Skin-Friendly Vest For Women Warm Vest Stylish Square Neck,$3.20,"Min. order: 2 pieces
Est. delivery by Oct 24",H3533cd1a0c144762997cfa296301029a2.jpg_300x300.jpg
Custom Logo Oem Odm Private Label Wholesale Casual Soft Basic Knitted Workout Fitness,$3.99 - $7.99,Min. order: 50 pieces,H0f568f5732454797824e32b8566d0ace9.jpg_300x300.jpg
2024 New Cropped Women's Solid Square Collar Tank Top Seamless Streetwear Stretch Rib Knit Sleeveless Casual Women,$3.79,"Min. order: 10 pieces
49 sold",H71e771afa1164d298bf4e0b3cf532a444.jpg_300x300.jpg
Summer Women Sexy mesh Tank Top Vest Blouse Sleeveless Sport Crop Shirt See-through Transparent Casual,$1.38,"Min. order: 2 pieces
80 sold",Hd1b6734dcba1463aa91169a4ed52044d2.jpg_300x300.jpg
Summer regular sports stripe Camisole Vest tanks camis crop,$1.99,"Min. order: 3 pieces
496 sold",H76c82d7b0e2b4df2b5e7f94762a5a589w.jpg_300x300.jpg
Cropped Women's Solid T-shirt Tank Top Seamless Streetwear Stretch Rib Knit Sleeveless Casual Women,$1.90,"Min. order: 3 pieces
Est. delivery by Nov 1
19,493 sold",H8ce86990f4ac4d398fd4f23ee9ce0a28F.jpg_300x300.jpg
Wholesale Solid Sleeveless Vest Running Yoga Wear Clothing Slim Fit Quick Drying Ribbed Crop Casual Crop,$1.60,"Min. order: 5 pieces
Est. delivery by Nov 18
5 sold",H499bf482b4f247b5944314e691eab54f1.jpg_300x300.jpg
High quality ladies ruched sexy plain hollow out slim fit cami sleeveless crop with wholesale price,$4.03,"Min. order: 2 pieces
Est. delivery by Nov 1
4 sold",H1de6a9d2648c423fa4f939f0ccfe26fft.jpg_300x300.jpg
Summer trendy clothing Blank Tank Tops Elegant knitted irregular slant One shoulder pleated Sleeveless for,$2.20,"Min. order: 2 pieces
Est. delivery by Oct 24
79 sold",H855917347de745b0883a4799ee5379d7R.jpg_300x300.jpg
New Trendy Women Clothing Sexy Sleeveless Cropped Pu Leather Camisole,$2.00,"Min. order: 3 pieces
Est. delivery by Nov 1
34 sold",H19a7b065045648228216792d398411abM.jpg_300x300.jpg
Wholesale Fashion High Quality Ladies Blank Basic Knitted Rib Crop,$2.10 - $2.40,Min. order: 20 pieces,H299c6c10761b494da0f98f9502f9aa77O.jpg_300x300.jpg
Summer Wholesale Lady Tube Tops Summer Sleeveless One Shoulder Casual Sexy Women't Crop,$1.97,"Min. order: 2 pieces
4 sold",H6588fc8e28ad49e6b90bd6729ee76117O.jpg_300x300.jpg
SFYW340 High Quality Women'S Clothing Solid Color Nylon Thread Vest Sports Quick-Drying Seamless Yoga Womens,$2.41 - $2.65,"Min. order: 5 pieces
37 sold",Hf57b386579c54e0c9f358ea8e9b69fb77.jpg_300x300.jpg
PB&ZA Women 2024 summer New Fashion Halter neck Vintage Backless Thin Straps Female Camis Chic,$5.00,"Min. order: 1 bag
Est. delivery by Nov 1
26 sold",He82438a64f7a476ea8c1104f5a41373bp.jpg_300x300.jpg
Boutique Wholesale 2024 Summer New Retro Sexy Hollow Loose Slimming Temperament,$11.00,"Min. order: 1 piece
1 sold",H9eeb2124283c495d866c643fd8ed7d51W.jpg_300x300.jpg
Wholesale Solid Color Bodycon Bandeau Backless Mini Strapless Crop Tube,$0.75,"Min. order: 10 pieces
Est. delivery by Oct 29
561 sold",Heaef81749d644e5793c3b3acca9ff053O.jpg_300x300.jpg
2022 New Arrive Women's Girls Sleeveless Basic Solid Color Yoga Workout Crop Blouse Slim T-shirt Vest,$0.99,"Min. order: 2 pieces
Est. delivery by Oct 29
1 sold",Hab741e9c0426472b807082448e12e1f74.jpg_300x300.jpg
Hot Sale Superior Quality Regular Length Anti-Pilling Chic With Lace Decoration,$6.00,Min. order: 12 pieces,H686796de036649aabb8db155a2cf1f81c.jpg_300x300.jpg
Sexy Ladies Sleeveless Off Shoulder Tank Top Women Night Club Wear Cropped Crop Corset Style Ladies,$1.75 - $2.45,Min. order: 20 pieces,U642c03ea29fc4dac9819200f3117cda3e.jpg_300x300.jpg
Low price wholesale of new women's tank tops suspenders round necked navel exposed,$0.50 - $0.90,"Min. order: 100 pieces
50 sold",H2885a744ac2b4632bf4f5202bad0f3bdB.jpg_300x300.jpg
Summer women's new sleeveless U neck solid color tight fitting knitted,$4.00,Min. order: 1 piece,H88f6f01a66a64a059e10633338bc9fa6V.jpg_300x300.jpg
wholesale polyester spandex lady girl women Sports Gym Fitness Yoga work out vests oem logo custom vest,$5.59,Min. order: 2 pieces,H1843af71fa5a4c308ae891f894aa35adP.jpg_300x300.jpg
Summer Hollow Out Sleeveless Ready To Ship Fashionable Sexy White Casual Crop For,$2.20,"Min. order: 2 pieces
17 sold",H492e4b1e168c457885925b1a6852f60fl.jpg_300x300.jpg
Latest 2023 Export oriented high quality Ladies Women's /Ladies Comfortable Direct Factory Manufacturer From Bangladesh,$0.80 - $1.99,Min. order: 100 pieces,A6c7d1547563f47a6919d185af667501cH.jpg_300x300.jpg
2022 Summer Fitness Sports Sexy Fashion Crop Tops Irregular Hollow Crop Girls Comfortable Cotton Stretch,$5.57 - $6.55,"Min. order: 5 pieces
1 sold",Hf1ba83b87db1421a8a221a56cc8816bet.jpg_300x300.jpg
Summer Hot Sale High Stretch Strappy Sleeveless Halter Sexy Vest Crop T-shirts,$4.38 - $5.48,Min. order: 200 pieces,Hd013a6daf9f84267a21d064b3ee58c86i.png_300x300.png
Y2K Crop Top Women Sleeveless Strapless Solid Y2k Cami Girls Bustier Corset Wholesale,$10.55,"Min. order: 2 pieces
Est. delivery by Oct 24
3 sold",H293f0ee686774fceb94d77da2be9a339l.jpg_300x300.jpg
One shoulder design black color side lace up sleeveless cotton casual fashion,$6.20,"Min. order: 2 pieces
Est. delivery by Nov 1",Had68330725124f54a8859c03e482f1b14.jpg_300x300.jpg
Y2k Custom Logo Women's Crop Top Wholesale High Quality 100% Cotton Sexy Girl's Quick Dry Gym Fitness Yoga Crop,$1.89 - $3.59,"Min. order: 1 piece
577 sold",Hec68d5a9a90a4d518b4535257a7adf04h.jpg_300x300.jpg
2022 Ins New Women's Tank Top Short Sleeveless Crew Neck Racer Vest Gym Women Crop,$3.30 - $3.80,"Min. order: 50 pieces
26 recent views",H0245e942a51e4f9db7d4d46c8bfbe0e1t.jpg_300x300.jpg
Cotton Fitness Sports Athletic Workout Logo Custom Gym Yoga Fitness Vest Lady Girl Undershirt Singlet,$2.99,"Min. order: 2 pieces
941 sold",Hd08164b4339941a5930340d869fefa6eU.jpg_300x300.jpg
Fitness Yoga Suit Sleeveless Sport Running Shirt Sportswear Collection from Bangladesh,$1.20 - $2.00,Min. order: 500 pieces,UTB8bMP2pTzIXKJkSafVxh5WgXXai.jpeg_300x300.jpeg
CHUANGERM OEM New-Arrival Sweet V-Neck Sexy Tank With Garter Print Padded Fishbone Sleeveless Halter For,$3.37 - $4.79,"Min. order: 50 pieces
399 sold",Hc9b5d9444cf64940a0e4aa8e343894952.jpg_300x300.jpg
Women's Custom High Waist Slim T-Shirt Elastic Short Sleeveless Cropped Casual Style Logo Decoration Fabric Packaged,$1.29,"Min. order: 10 pieces
Est. delivery by Nov 1
651 sold",Haefb42547b9842d088af3d49fda5152aU.jpg_300x300.jpg
New Arrival Sexy Sleeveless Tube Crop Tops For Women,$2.59 - $3.55,"Min. order: 2 pieces
8 recent views",H799756ffea9144a091f87060e0cfb2bd8.jpg_300x300.jpg
Custom Summer Soft Cotton Pointelle Lace Pink Traps Camisole Cami For Women Short,$1.90 - $4.90,"Min. order: 30 pieces
2 sold",H373b6c87505a4a6089a9128e0ac7e1630.jpg_300x300.jpg
Support Custom Cropped Tank Top Women'S High Waist Slim Inside T-Shirt Elastic Short Sleeveless Bottom Shirt Girl,$1.00 - $2.00,"Min. order: 12 pieces
16 sold",H92fc0f37d3364899a697abbaf2a6b0d1U.png_300x300.png
White Blanks Sublimation Tank Top for Lady Woman Clothing Casual Bag Custom Print Summer Cotton OEM Customized Hot Anti Logo Pcs,$1.20 - $1.40,Min. order: 500 pieces,A55983f2aba1b4fa0925b2fc4103ed238Y.jpg_300x300.jpg
Wholesale Custom 100% Cotton Female Sport Crop Tank Top Gym cotton Breathable Sustainable Quick Dry Custom Logo,$6.00 - $7.90,Min. order: 10 pieces,Sd10f95538438483987c3f510baf2b726w.jpg_300x300.jpg
Women Camisole Summer Tank Top Personality Printing Vest Street Crop Sleeveless,$2.49 - $2.69,"Min. order: 1 piece
347 sold",H9b0b96f1fe4144d18295ab709a899f2eV.jpg_300x300.jpg
Bomblook D24TP048 Summer y2k Casual Wear Letter Print Baby Tees Crop Slogan,$2.18,"Min. order: 1 piece
Est. delivery by Oct 24
165 sold",H3cfc2f1d19d44ddaaf0fdd3d67937b4c3.jpg_300x300.jpg
